ID,Topic,Representative Words,Description
0,Text and Sentiment Analysis,"text, mining, review, data, sentiment, analysis, use, quality, tourism, approach","This topic explores methods and applications in text and sentiment analysis, which are highly relevant in the era of big data. Research in this topic often uses data mining techniques to extract valuable insights from large textual datasets, such as product reviews, user opinions, or news articles. Additionally, focusing on quality and sentiment analysis allows for a deeper understanding of public perception and social trends, which is particularly useful in industries like tourism for enhancing services based on customer feedback. In essence, this topic seeks to explore how textual information can be analyzed and utilized in various contexts, from improving customer experiences to assessing the quality of services or products."
1,Control Models and Energy,"model, control, use, method, result, nonlinear, system, study, paper, energy","This topic focuses on the development and application of control models in various systems, especially those that are nonlinear. Research in this area often aims to improve the efficiency of control systems, particularly in the context of energy management, which is increasingly crucial amidst the growing demand for sustainable energy. By exploring new methods and optimization techniques, this research seeks to find solutions that can be applied to better control complex systems. This includes developing algorithms capable of handling nonlinear dynamics in control systems and applying them in industrial contexts, such as energy systems and robotics, where precision and efficiency are paramount."
2,Big Data and AI in Business,"data, study, big, firm, use, ai, research, paper, financial, author","This topic explores the application of big data and artificial intelligence (AI) in business contexts, highlighting how these technologies are used to drive innovation and efficiency across various industries. Research in this topic typically discusses how companies leverage big data for predictive analytics, smarter decision-making, and business operations optimization. Additionally, this topic often evaluates the impact of AI on financial data management, marketing strategy development, and service quality enhancement. In a broader context, this research also addresses the ethical and privacy challenges that arise with the increasing use of big data and AI in the business world."
3,Technology and Industry Analysis,"research, study, paper, review, literature, analysis, industry, technology, use, business","This topic examines how technology impacts industries, particularly through literature reviews and in-depth analyses of various technological applications in business. Research in this topic often includes evaluating the effects of new technologies such as the Internet of Things (IoT), automation, and artificial intelligence on industrial operations. Moreover, this topic also investigates how these technologies can be used to enhance efficiency and productivity across various industrial sectors, as well as the challenges faced in adopting them. With a holistic approach, this research provides insights into digital transformation and its implications for business practices and industry development."
4,Project Management and Performance,"study, project, management, performance, use, model, relationship, knowledge, process, research","This topic focuses on project management, particularly in the context of how project performance can be improved through various innovative management models and techniques. Research in this topic often explores the relationship between knowledge management, operational processes, and project outcomes. Additionally, this research discusses how effective project management models can impact the success of projects in terms of time, cost, and quality. By examining various case studies and theoretical models, this research provides valuable insights for practitioners and academics seeking to enhance project management practices across various industrial sectors."
5,Social and Health Studies,"study, use, social, covid, service, paper, data, health, information, research","This topic explores the use of data in social and health contexts, with a particular focus on the impact of the COVID-19 pandemic. Research in this area covers various aspects, ranging from health data analysis to the utilization of social services to support communities during global health crises. Additionally, this research evaluates how social data is used to identify trends and challenges in health services and to develop strategies for improving access to and quality of healthcare. In a broader context, this topic also discusses the role of information technology in collecting and analyzing data for health and social welfare purposes."
6,Prediction Models and Neural Networks,"model, use, prediction, neural, train, flight, predict, signal, aircraft, accuracy","This topic focuses on the development and application of prediction models using neural networks. Research in this topic is often related to the aviation and transportation industries, where predictive models are used to enhance accuracy in various operational aspects, such as flight scheduling and signal analysis. Additionally, this research examines how training models with relevant data can improve the predictive capabilities of neural networks, resulting in more reliable and efficient systems. This topic is relevant to modern trends in machine learning, where neural networks are widely used in various practical applications."
7,Consumer Behavior and Online Services,"user, use, study, consumer, customer, social, service, online, intention, model","This topic examines consumer behavior, particularly in the context of online services and social media. Research in this topic often explores how users interact with digital platforms and the factors that influence consumer intentions and purchasing decisions. Additionally, this research evaluates the impact of various digital marketing strategies and online services on customer satisfaction and brand loyalty. With a deeper understanding of consumer behavior, this research contributes to the development of more effective business strategies in the digital era."
8,Blockchain and Supply Chain,"blockchain, technology, chain, supply, study, information, research, paper, framework, adoption","This topic focuses on the application of blockchain technology in supply chain management, which is an increasingly important area of research as supply chains become more complex and globalized. Research in this topic investigates how blockchain can enhance transparency, efficiency, and security in various stages of the supply chain, from raw material procurement to final product distribution. Additionally, this research examines the challenges of adopting this technology and the potential frameworks that can be used to overcome these barriers. With growing interest in blockchain, this topic provides insights into how this technology can be integrated into supply chain systems to generate significant added value."
9,Algorithms and Network Applications,"propose, use, algorithm, data, network, paper, method, base, image, application","This topic focuses on the development and application of algorithms, particularly in the context of network applications. Research in this topic often involves designing new algorithms to optimize network performance and related applications. Additionally, this research examines the use of data and network-based methods for various applications, such as image processing and data analysis. With an approach centered on algorithm development, this topic is relevant for those interested in optimization and practical applications in computer networks and information technology."
10,System Design and Methodology,"system, use, model, design, propose, method, paper, fuzzy, control, base","This topic explores the design and development of systems, with a focus on the application of new methods and models in various practical contexts. Research in this topic often seeks to create more efficient and effective systems through innovative design approaches. Additionally, this research examines the use of fuzzy models and control methods to optimize system performance, particularly in complex and dynamic systems. With a holistic approach, this topic makes significant contributions to the development of technology and methodologies in computer science, which can be applied across various industries."
